variable,model,run1,run2,run3,mean,std,cv,n_runs
CONFINAN,GPT-5.2,0.0620959626570007,0.06272401890079148,0.0669163586505158,0.06391211340276932,0.0026206355703906276,4.100373827220483,3
CONLEGIS,GPT-5.2,0.1342110101694109,0.1342110101694109,0.1342110101694109,0.1342110101694109,0.0,0.0,3
KRPROUD,GPT-5.2,0.11251494994347752,0.10203288303635785,0.09394558361233149,0.10283113886405564,0.009310384028594902,9.054051264474834,3
NORTHWHO,GPT-5.2,0.12481273887283231,0.10877742831940175,0.12224004662722113,0.11861007127315175,0.008611929919571095,7.260707144959341,3
PARTYLR,GPT-5.2,0.03821912792416437,0.05964983931466674,0.05602372340736802,0.05129756354873304,0.011470452821610029,22.360619156332874,3
UNIFI,GPT-5.2,0.2666130146316543,0.2431915442343135,0.2516596633471546,0.25382140740437414,0.011859433878565667,4.67235368357716,3
