{
  "PARTYLR": {
    "variable": "PARTYLR",
    "n": 100,
    "categories": [
      1,
      2,
      3,
      4,
      5
    ],
    "observed_counts": {
      "1": 0,
      "2": 16,
      "3": 36,
      "4": 47,
      "5": 1
    },
    "observed_pct": {
      "1": 0.0,
      "2": 16.0,
      "3": 36.0,
      "4": 47.0,
      "5": 1.0
    },
    "benchmark_pct": {
      "1": 3.6,
      "2": 24.8,
      "3": 37.2,
      "4": 26.5,
      "5": 4.5
    },
    "js_divergence_ln": 0.03821912792416437,
    "js_distance_ln": 0.19549713021976659
  },
  "NORTHWHO": {
    "variable": "NORTHWHO",
    "n": 100,
    "categories": [
      1,
      2,
      3,
      4
    ],
    "observed_counts": {
      "1": 0,
      "2": 13,
      "3": 85,
      "4": 2
    },
    "observed_pct": {
      "1": 0.0,
      "2": 13.0,
      "3": 85.0,
      "4": 2.0
    },
    "benchmark_pct": {
      "1": 7.2,
      "2": 20.7,
      "3": 44.1,
      "4": 26.2
    },
    "js_divergence_ln": 0.12481273887283231,
    "js_distance_ln": 0.35328846410947573
  },
  "UNIFI": {
    "variable": "UNIFI",
    "n": 100,
    "categories": [
      1,
      2,
      3,
      4
    ],
    "observed_counts": {
      "1": 0,
      "2": 100,
      "3": 0,
      "4": 0
    },
    "observed_pct": {
      "1": 0.0,
      "2": 100.0,
      "3": 0.0,
      "4": 0.0
    },
    "benchmark_pct": {
      "1": 9.8,
      "2": 41.0,
      "3": 37.1,
      "4": 11.5
    },
    "js_divergence_ln": 0.2666130146316543,
    "js_distance_ln": 0.5163458285215968
  },
  "CONFINAN": {
    "variable": "CONFINAN",
    "n": 100,
    "categories": [
      1,
      2,
      3
    ],
    "observed_counts": {
      "1": 0,
      "2": 77,
      "3": 23
    },
    "observed_pct": {
      "1": 0.0,
      "2": 77.0,
      "3": 23.0
    },
    "benchmark_pct": {
      "1": 17.3,
      "2": 65.4,
      "3": 20.3
    },
    "js_divergence_ln": 0.0620959626570007,
    "js_distance_ln": 0.24919061510618876
  },
  "CONLEGIS": {
    "variable": "CONLEGIS",
    "n": 100,
    "categories": [
      1,
      2,
      3
    ],
    "observed_counts": {
      "1": 0,
      "2": 0,
      "3": 100
    },
    "observed_pct": {
      "1": 0.0,
      "2": 0.0,
      "3": 100.0
    },
    "benchmark_pct": {
      "1": 5.0,
      "2": 27.5,
      "3": 63.8
    },
    "js_divergence_ln": 0.1342110101694109,
    "js_distance_ln": 0.36634820890706005
  },
  "KRPROUD": {
    "variable": "KRPROUD",
    "n": 100,
    "categories": [
      1,
      2,
      3,
      4
    ],
    "observed_counts": {
      "1": 1,
      "2": 99,
      "3": 0,
      "4": 0
    },
    "observed_pct": {
      "1": 1.0,
      "2": 99.0,
      "3": 0.0,
      "4": 0.0
    },
    "benchmark_pct": {
      "1": 18.5,
      "2": 66.7,
      "3": 13.8,
      "4": 0.2
    },
    "js_divergence_ln": 0.11251494994347752,
    "js_distance_ln": 0.335432481944545
  }
}