{
  "SATFIN": {
    "variable": "SATFIN",
    "n": 100,
    "categories": [
      1,
      2,
      3,
      4,
      5
    ],
    "observed_counts": {
      "1": 0,
      "2": 22,
      "3": 25,
      "4": 53,
      "5": 0
    },
    "observed_pct": {
      "1": 0.0,
      "2": 22.0,
      "3": 25.0,
      "4": 53.0,
      "5": 0.0
    },
    "benchmark_pct": {
      "1": 3.4,
      "2": 25.3,
      "3": 43.1,
      "4": 23.2,
      "5": 4.7
    },
    "js_divergence_ln": 0.0708392629225875,
    "js_distance_ln": 0.26615646323654724
  },
  "CONFINAN": {
    "variable": "CONFINAN",
    "n": 100,
    "categories": [
      1,
      2,
      3
    ],
    "observed_counts": {
      "1": 0,
      "2": 67,
      "3": 33
    },
    "observed_pct": {
      "1": 0.0,
      "2": 67.0,
      "3": 33.0
    },
    "benchmark_pct": {
      "1": 17.3,
      "2": 65.4,
      "3": 20.3
    },
    "js_divergence_ln": 0.0669163586505158,
    "js_distance_ln": 0.2586819642930597
  },
  "CONLEGIS": {
    "variable": "CONLEGIS",
    "n": 100,
    "categories": [
      1,
      2,
      3
    ],
    "observed_counts": {
      "1": 0,
      "2": 0,
      "3": 100
    },
    "observed_pct": {
      "1": 0.0,
      "2": 0.0,
      "3": 100.0
    },
    "benchmark_pct": {
      "1": 5.0,
      "2": 27.5,
      "3": 63.8
    },
    "js_divergence_ln": 0.1342110101694109,
    "js_distance_ln": 0.36634820890706005
  },
  "PARTYLR": {
    "variable": "PARTYLR",
    "n": 100,
    "categories": [
      1,
      2,
      3,
      4,
      5
    ],
    "observed_counts": {
      "1": 0,
      "2": 12,
      "3": 40,
      "4": 48,
      "5": 0
    },
    "observed_pct": {
      "1": 0.0,
      "2": 12.0,
      "3": 40.0,
      "4": 48.0,
      "5": 0.0
    },
    "benchmark_pct": {
      "1": 3.6,
      "2": 24.8,
      "3": 37.2,
      "4": 26.5,
      "5": 4.5
    },
    "js_divergence_ln": 0.05602372340736802,
    "js_distance_ln": 0.23669331086316744
  },
  "NORTHWHO": {
    "variable": "NORTHWHO",
    "n": 100,
    "categories": [
      1,
      2,
      3,
      4
    ],
    "observed_counts": {
      "1": 0,
      "2": 14,
      "3": 84,
      "4": 2
    },
    "observed_pct": {
      "1": 0.0,
      "2": 14.000000000000002,
      "3": 84.0,
      "4": 2.0
    },
    "benchmark_pct": {
      "1": 7.2,
      "2": 20.7,
      "3": 44.1,
      "4": 26.2
    },
    "js_divergence_ln": 0.12224004662722113,
    "js_distance_ln": 0.34962844081570527
  },
  "UNIFI": {
    "variable": "UNIFI",
    "n": 100,
    "categories": [
      1,
      2,
      3,
      4
    ],
    "observed_counts": {
      "1": 1,
      "2": 99,
      "3": 0,
      "4": 0
    },
    "observed_pct": {
      "1": 1.0,
      "2": 99.0,
      "3": 0.0,
      "4": 0.0
    },
    "benchmark_pct": {
      "1": 9.8,
      "2": 41.0,
      "3": 37.1,
      "4": 11.5
    },
    "js_divergence_ln": 0.2516596633471546,
    "js_distance_ln": 0.5016569179699953
  },
  "KRPROUD": {
    "variable": "KRPROUD",
    "n": 100,
    "categories": [
      1,
      2,
      3,
      4
    ],
    "observed_counts": {
      "1": 3,
      "2": 97,
      "3": 0,
      "4": 0
    },
    "observed_pct": {
      "1": 3.0,
      "2": 97.0,
      "3": 0.0,
      "4": 0.0
    },
    "benchmark_pct": {
      "1": 18.5,
      "2": 66.7,
      "3": 13.8,
      "4": 0.2
    },
    "js_divergence_ln": 0.09394558361233149,
    "js_distance_ln": 0.3065054381447929
  }
}