{
  "SATFIN": {
    "variable": "SATFIN",
    "n": 100,
    "categories": [
      1,
      2,
      3,
      4,
      5
    ],
    "observed_counts": {
      "1": 0,
      "2": 23,
      "3": 21,
      "4": 56,
      "5": 0
    },
    "observed_pct": {
      "1": 0.0,
      "2": 23.0,
      "3": 21.0,
      "4": 56.00000000000001,
      "5": 0.0
    },
    "benchmark_pct": {
      "1": 3.4,
      "2": 25.3,
      "3": 43.1,
      "4": 23.2,
      "5": 4.7
    },
    "js_divergence_ln": 0.08290409467519459,
    "js_distance_ln": 0.28793071158734457
  },
  "CONFINAN": {
    "variable": "CONFINAN",
    "n": 100,
    "categories": [
      1,
      2,
      3
    ],
    "observed_counts": {
      "1": 0,
      "2": 73,
      "3": 27
    },
    "observed_pct": {
      "1": 0.0,
      "2": 73.0,
      "3": 27.0
    },
    "benchmark_pct": {
      "1": 17.3,
      "2": 65.4,
      "3": 20.3
    },
    "js_divergence_ln": 0.06272401890079148,
    "js_distance_ln": 0.2504476370437371
  },
  "CONLEGIS": {
    "variable": "CONLEGIS",
    "n": 100,
    "categories": [
      1,
      2,
      3
    ],
    "observed_counts": {
      "1": 0,
      "2": 0,
      "3": 100
    },
    "observed_pct": {
      "1": 0.0,
      "2": 0.0,
      "3": 100.0
    },
    "benchmark_pct": {
      "1": 5.0,
      "2": 27.5,
      "3": 63.8
    },
    "js_divergence_ln": 0.1342110101694109,
    "js_distance_ln": 0.36634820890706005
  },
  "PARTYLR": {
    "variable": "PARTYLR",
    "n": 100,
    "categories": [
      1,
      2,
      3,
      4,
      5
    ],
    "observed_counts": {
      "1": 0,
      "2": 11,
      "3": 40,
      "4": 49,
      "5": 0
    },
    "observed_pct": {
      "1": 0.0,
      "2": 11.0,
      "3": 40.0,
      "4": 49.0,
      "5": 0.0
    },
    "benchmark_pct": {
      "1": 3.6,
      "2": 24.8,
      "3": 37.2,
      "4": 26.5,
      "5": 4.5
    },
    "js_divergence_ln": 0.05964983931466674,
    "js_distance_ln": 0.2442331658777463
  },
  "NORTHWHO": {
    "variable": "NORTHWHO",
    "n": 100,
    "categories": [
      1,
      2,
      3,
      4
    ],
    "observed_counts": {
      "1": 0,
      "2": 12,
      "3": 84,
      "4": 4
    },
    "observed_pct": {
      "1": 0.0,
      "2": 12.0,
      "3": 84.0,
      "4": 4.0
    },
    "benchmark_pct": {
      "1": 7.2,
      "2": 20.7,
      "3": 44.1,
      "4": 26.2
    },
    "js_divergence_ln": 0.10877742831940175,
    "js_distance_ln": 0.3298142330455157
  },
  "UNIFI": {
    "variable": "UNIFI",
    "n": 100,
    "categories": [
      1,
      2,
      3,
      4
    ],
    "observed_counts": {
      "1": 2,
      "2": 98,
      "3": 0,
      "4": 0
    },
    "observed_pct": {
      "1": 2.0,
      "2": 98.0,
      "3": 0.0,
      "4": 0.0
    },
    "benchmark_pct": {
      "1": 9.8,
      "2": 41.0,
      "3": 37.1,
      "4": 11.5
    },
    "js_divergence_ln": 0.2431915442343135,
    "js_distance_ln": 0.4931445469984571
  },
  "KRPROUD": {
    "variable": "KRPROUD",
    "n": 100,
    "categories": [
      1,
      2,
      3,
      4
    ],
    "observed_counts": {
      "1": 2,
      "2": 98,
      "3": 0,
      "4": 0
    },
    "observed_pct": {
      "1": 2.0,
      "2": 98.0,
      "3": 0.0,
      "4": 0.0
    },
    "benchmark_pct": {
      "1": 18.5,
      "2": 66.7,
      "3": 13.8,
      "4": 0.2
    },
    "js_divergence_ln": 0.10203288303635785,
    "js_distance_ln": 0.3194258646953278
  }
}