{
  "SATFIN": {
    "variable": "SATFIN",
    "n": 100,
    "categories": [
      1,
      2,
      3,
      4,
      5
    ],
    "observed_counts": {
      "1": 0,
      "2": 25,
      "3": 22,
      "4": 53,
      "5": 0
    },
    "observed_pct": {
      "1": 0.0,
      "2": 25.0,
      "3": 22.0,
      "4": 53.0,
      "5": 0.0
    },
    "benchmark_pct": {
      "1": 3.4,
      "2": 25.3,
      "3": 43.1,
      "4": 23.2,
      "5": 4.7
    },
    "js_divergence_ln": 0.07551076775715342,
    "js_distance_ln": 0.2747922265224281
  },
  "CONFINAN": {
    "variable": "CONFINAN",
    "n": 100,
    "categories": [
      1,
      2,
      3
    ],
    "observed_counts": {
      "1": 0,
      "2": 78,
      "3": 22
    },
    "observed_pct": {
      "1": 0.0,
      "2": 78.0,
      "3": 22.0
    },
    "benchmark_pct": {
      "1": 17.3,
      "2": 65.4,
      "3": 20.3
    },
    "js_divergence_ln": 0.06224955520893834,
    "js_distance_ln": 0.2494986076292578
  },
  "CONLEGIS": {
    "variable": "CONLEGIS",
    "n": 100,
    "categories": [
      1,
      2,
      3
    ],
    "observed_counts": {
      "1": 0,
      "2": 0,
      "3": 100
    },
    "observed_pct": {
      "1": 0.0,
      "2": 0.0,
      "3": 100.0
    },
    "benchmark_pct": {
      "1": 5.0,
      "2": 27.5,
      "3": 63.8
    },
    "js_divergence_ln": 0.1342110101694109,
    "js_distance_ln": 0.36634820890706005
  },
  "PARTYLR": {
    "variable": "PARTYLR",
    "n": 100,
    "categories": [
      1,
      2,
      3,
      4,
      5
    ],
    "observed_counts": {
      "1": 0,
      "2": 17,
      "3": 44,
      "4": 39,
      "5": 0
    },
    "observed_pct": {
      "1": 0.0,
      "2": 17.0,
      "3": 44.0,
      "4": 39.0,
      "5": 0.0
    },
    "benchmark_pct": {
      "1": 3.6,
      "2": 24.8,
      "3": 37.2,
      "4": 26.5,
      "5": 4.5
    },
    "js_divergence_ln": 0.03947322309929841,
    "js_distance_ln": 0.19867869311855868
  },
  "NORTHWHO": {
    "variable": "NORTHWHO",
    "n": 100,
    "categories": [
      1,
      2,
      3,
      4
    ],
    "observed_counts": {
      "1": 0,
      "2": 15,
      "3": 84,
      "4": 1
    },
    "observed_pct": {
      "1": 0.0,
      "2": 15.0,
      "3": 84.0,
      "4": 1.0
    },
    "benchmark_pct": {
      "1": 7.2,
      "2": 20.7,
      "3": 44.1,
      "4": 26.2
    },
    "js_divergence_ln": 0.13251249667111561,
    "js_distance_ln": 0.3640226595572254
  },
  "UNIFI": {
    "variable": "UNIFI",
    "n": 100,
    "categories": [
      1,
      2,
      3,
      4
    ],
    "observed_counts": {
      "1": 0,
      "2": 100,
      "3": 0,
      "4": 0
    },
    "observed_pct": {
      "1": 0.0,
      "2": 100.0,
      "3": 0.0,
      "4": 0.0
    },
    "benchmark_pct": {
      "1": 9.8,
      "2": 41.0,
      "3": 37.1,
      "4": 11.5
    },
    "js_divergence_ln": 0.2666130146316543,
    "js_distance_ln": 0.5163458285215968
  },
  "KRPROUD": {
    "variable": "KRPROUD",
    "n": 100,
    "categories": [
      1,
      2,
      3,
      4
    ],
    "observed_counts": {
      "1": 1,
      "2": 99,
      "3": 0,
      "4": 0
    },
    "observed_pct": {
      "1": 1.0,
      "2": 99.0,
      "3": 0.0,
      "4": 0.0
    },
    "benchmark_pct": {
      "1": 18.5,
      "2": 66.7,
      "3": 13.8,
      "4": 0.2
    },
    "js_divergence_ln": 0.11251494994347752,
    "js_distance_ln": 0.335432481944545
  }
}