{
  "CONFINAN": 0.0576438596873429,
  "CONLEGIS": 0.03141823873794254,
  "KRPROUD": 0.22558977793586546
}