{
  "CONFINAN": 0.06224955520893834,
  "CONLEGIS": 0.1342110101694109,
  "KRPROUD": 0.11251494994347752
}