{
  "SATFIN": {
    "variable": "SATFIN",
    "n": 100,
    "categories": [
      1,
      2,
      3,
      4,
      5
    ],
    "observed_counts": {
      "1": 0,
      "2": 27,
      "3": 25,
      "4": 48,
      "5": 0
    },
    "observed_pct": {
      "1": 0.0,
      "2": 27.0,
      "3": 25.0,
      "4": 48.0,
      "5": 0.0
    },
    "benchmark_pct": {
      "1": 3.4,
      "2": 25.3,
      "3": 43.1,
      "4": 23.2,
      "5": 4.7
    },
    "js_divergence_ln": 0.06251432144647136,
    "js_distance_ln": 0.25002864125230007
  },
  "CONFINAN": {
    "variable": "CONFINAN",
    "n": 100,
    "categories": [
      1,
      2,
      3
    ],
    "observed_counts": {
      "1": 0,
      "2": 74,
      "3": 26
    },
    "observed_pct": {
      "1": 0.0,
      "2": 74.0,
      "3": 26.0
    },
    "benchmark_pct": {
      "1": 17.3,
      "2": 65.4,
      "3": 20.3
    },
    "js_divergence_ln": 0.062391011025995854,
    "js_distance_ln": 0.24978192694027296
  },
  "CONLEGIS": {
    "variable": "CONLEGIS",
    "n": 100,
    "categories": [
      1,
      2,
      3
    ],
    "observed_counts": {
      "1": 0,
      "2": 0,
      "3": 100
    },
    "observed_pct": {
      "1": 0.0,
      "2": 0.0,
      "3": 100.0
    },
    "benchmark_pct": {
      "1": 5.0,
      "2": 27.5,
      "3": 63.8
    },
    "js_divergence_ln": 0.1342110101694109,
    "js_distance_ln": 0.36634820890706005
  },
  "PARTYLR": {
    "variable": "PARTYLR",
    "n": 100,
    "categories": [
      1,
      2,
      3,
      4,
      5
    ],
    "observed_counts": {
      "1": 0,
      "2": 19,
      "3": 44,
      "4": 37,
      "5": 0
    },
    "observed_pct": {
      "1": 0.0,
      "2": 19.0,
      "3": 44.0,
      "4": 37.0,
      "5": 0.0
    },
    "benchmark_pct": {
      "1": 3.6,
      "2": 24.8,
      "3": 37.2,
      "4": 26.5,
      "5": 4.5
    },
    "js_divergence_ln": 0.036040519928679335,
    "js_distance_ln": 0.18984340896823185
  },
  "NORTHWHO": {
    "variable": "NORTHWHO",
    "n": 100,
    "categories": [
      1,
      2,
      3,
      4
    ],
    "observed_counts": {
      "1": 0,
      "2": 18,
      "3": 81,
      "4": 1
    },
    "observed_pct": {
      "1": 0.0,
      "2": 18.0,
      "3": 81.0,
      "4": 1.0
    },
    "benchmark_pct": {
      "1": 7.2,
      "2": 20.7,
      "3": 44.1,
      "4": 26.2
    },
    "js_divergence_ln": 0.12666878739513257,
    "js_distance_ln": 0.3559055877548603
  },
  "UNIFI": {
    "variable": "UNIFI",
    "n": 100,
    "categories": [
      1,
      2,
      3,
      4
    ],
    "observed_counts": {
      "1": 0,
      "2": 100,
      "3": 0,
      "4": 0
    },
    "observed_pct": {
      "1": 0.0,
      "2": 100.0,
      "3": 0.0,
      "4": 0.0
    },
    "benchmark_pct": {
      "1": 9.8,
      "2": 41.0,
      "3": 37.1,
      "4": 11.5
    },
    "js_divergence_ln": 0.2666130146316543,
    "js_distance_ln": 0.5163458285215968
  },
  "KRPROUD": {
    "variable": "KRPROUD",
    "n": 100,
    "categories": [
      1,
      2,
      3,
      4
    ],
    "observed_counts": {
      "1": 2,
      "2": 98,
      "3": 0,
      "4": 0
    },
    "observed_pct": {
      "1": 2.0,
      "2": 98.0,
      "3": 0.0,
      "4": 0.0
    },
    "benchmark_pct": {
      "1": 18.5,
      "2": 66.7,
      "3": 13.8,
      "4": 0.2
    },
    "js_divergence_ln": 0.10203288303635785,
    "js_distance_ln": 0.3194258646953278
  }
}