{
  "metadata": {
    "seeds": [
      42,
      43,
      44,
      45,
      46
    ],
    "variables": [
      "CONFINAN",
      "CONLEGIS",
      "KRPROUD",
      "NORTHWHO",
      "PARTYLR",
      "UNIFI"
    ],
    "model_clova": "HCX-007",
    "model_gpt": "gpt-5.2",
    "ci_level": 95,
    "bootstrap_iterations": 10000
  },
  "statistics": {
    "CONFINAN": {
      "clova": {
        "mean": 0.07039026028963005,
        "lower": 0.06224608224530133,
        "upper": 0.08492893810175509,
        "n": 5
      },
      "gpt": {
        "mean": 0.06327538128864843,
        "lower": 0.062216409351574783,
        "upper": 0.06511381150186793,
        "n": 5
      }
    },
    "CONLEGIS": {
      "clova": {
        "mean": 0.08593937664061624,
        "lower": 0.05893801273243019,
        "upper": 0.10584452813387443,
        "n": 5
      },
      "gpt": {
        "mean": 0.1342110101694109,
        "lower": 0.1342110101694109,
        "upper": 0.1342110101694109,
        "n": 5
      }
    },
    "KRPROUD": {
      "clova": {
        "mean": 0.11791303605761254,
        "lower": 0.07473612851095388,
        "upper": 0.15744685545463186,
        "n": 5
      },
      "gpt": {
        "mean": 0.10460824991440046,
        "lower": 0.09879796326674731,
        "upper": 0.11041853656205361,
        "n": 5
      }
    },
    "NORTHWHO": {
      "clova": {
        "mean": 0.13393390727257862,
        "lower": 0.1022849906494387,
        "upper": 0.16348589482176815,
        "n": 5
      },
      "gpt": {
        "mean": 0.12300229957714068,
        "lower": 0.11519155254077398,
        "upper": 0.1292892648071401,
        "n": 5
      }
    },
    "PARTYLR": {
      "clova": {
        "mean": 0.06461545385194689,
        "lower": 0.04319073995757129,
        "upper": 0.09331610051298883,
        "n": 5
      },
      "gpt": {
        "mean": 0.045881286734835366,
        "lower": 0.037598503760997166,
        "upper": 0.05463847385510652,
        "n": 5
      }
    },
    "UNIFI": {
      "clova": {
        "mean": 0.11921611144080083,
        "lower": 0.0952361623694955,
        "upper": 0.14879780811572374,
        "n": 5
      },
      "gpt": {
        "mean": 0.2589380502952862,
        "lower": 0.24956946213634992,
        "upper": 0.2666130146316543,
        "n": 5
      }
    }
  },
  "summary": {
    "clova_average": 0.09866802425886419,
    "gpt_average": 0.12165271299662035,
    "clova_wins": 2,
    "gpt_wins": 4,
    "improvement_percent": 18.893691863982273
  }
}